"relative_path","bytes","sha256"
"ACTION-REGISTER.md","10357","3256b9a7cecc6e4a8de18bb9df4c6a54482bb21c017fb8cd4edb84c973290cf7"
"AKIKO-MYPERSONAS-LOCAL-DRAFT-PACK.json","83749","f640af82b9b412fe70d29a3645bf09816d07bcd6eaccb89cc1ae485de46a8f62"
"AKIKO-ROADMAP-TRACKER.xlsx","29017","232b643eaff5222329d40660cc822cd721ff97b29ef6861d0901fa621341353e"
"AKIKO-SOCIAL-PERSONA-ROADMAP-PROMPT.md","54064","36aec85cae3aab252054cc39343a5a5beb8d64cefa7c5e2fa5852a1cc940f434"
"APPROVAL-PACK.md","33968","7e2890df2d5411c56af04f897aa323f10c76562cd701fb3ab146f1cd878c7673"
"ASSET-MANIFEST-V2.csv","5893","9b0c3dae7d8cb5ebe58eb9938c04008831e7a30cc91513eeb6ca3d23448a32a0"
"BUNDLE-NOTES.md","1368","257119499929c4dc6720d1afdd50b0938afbdef90d61ffb232b92fdb03a13065"
"CATEGORY-INTELLIGENCE-2026-08-09.md","22824","7f69baffcde3e719a868879265f039b78ffc040013017f24dd54a58f96e5dacd"
"CONTACT-SHEET-ALL-V2.jpg","1422376","0ad9ee2f8af5f45958c2059fe133e5c48f825c2e56f33b0602124bb2d38ac8d0"
"FINAL-QA-REPORT-2026-08-09.md","6126","97dc628a84bc06a0200fedeb3dfb914483c5a9e1572eb0000495bc54e2f38d0e"
"FRANCHISES-AND-GROWTH-PLAN-2026-08-09.md","24207","22923e52cc8560841753e2bca007e4d83668bdbe61bc0249484d8fb1d2b10904"
"FULL-ROADMAP-2026-08-09.md","23792","2d620dcef66e9db92f9722350aedbe05758bdf0813cf92c5638b48aaea50fef8"
"identity/akiko-canonical-portrait-v2.png","2174447","09f118da30ac2b6c6d4920193fed5dd46fa1484a0df5198663d0f5dc59c254af"
"identity/AKIKO-VISUAL-IDENTITY-V2.md","4264","907c02a0cb0bf9f877765a971d9e980eb730d04332dd4555674a708b7ab52ad1"
"IMAGE-CONCEPTS.md","6193","0449e9083a670b8000a77f6b0b1bc30ac94f90162f09fbf2bd28cda726bcbe29"
"images-v2/facebook-contact-sheet-v2.jpg","699358","0daa712729769375c98ada6348ae01ffe502ce1e5b965e59d572aef82075a8e4"
"images-v2/facebook/01.jpg","380152","836fd1e5b717dab1006c7b3df811425b97d6fab8f5dcfcec2eb47a9323b13970"
"images-v2/facebook/02.jpg","375346","5caa714a6e08f2cca82e317936e0732fd899d0decbca546c528c0e5e7b17d7f6"
"images-v2/facebook/03.jpg","395449","e555a60ab393a029f78d08329aa883b364648d739f213024711ae1068a4cb037"
"images-v2/facebook/04.jpg","357491","b90400ffd84cadcec4db4f7654a46b7a835c6eb124161eb5eb08e2e6dc087dc2"
"images-v2/facebook/05.jpg","348008","24a853061f9b80f3532427549ba92809ecfb38e110aee3b0a45400fd0be1caec"
"images-v2/facebook/06.jpg","339753","1484831bec40ae4cd1f8b5220a38874003ef34e24b10259c667ed8308de93e21"
"images-v2/facebook/07.jpg","353910","ae631564a9f0ff3e53951a74e991fadde43926d056b11f4c6a75f7705f62a235"
"images-v2/facebook/08.jpg","381362","5e27509dec127bec3a51c0f52ea107063f31ddf2ab7b62f9c90fe7df73a95123"
"images-v2/facebook/09.jpg","333034","c7c1d7b4add67c9db62f56b6cc746d380331aa2fe763fdf0ee282e15f5f42366"
"images-v2/facebook/10.jpg","344059","949f117049bc4ae10ed64ae9acfe0852a311445930ebdc3597c025eb9898cead"
"images-v2/facebook/PROMPTS-AND-PROVENANCE.md","30502","139143e18b98ba877ac00fb63a6336db1a97d899cb45e7bc04e3d02f43e10189"
"images-v2/instagram-contact-sheet-v2.jpg","790705","48b50b4a9d208027f2b8e52b399f2dc6ad1c25a1c167bd7278356b0cced73ac9"
"images-v2/instagram/01.jpg","307042","bcb9f9cfbd21ced379f2f19a953c6731b705b64581f572cd2ebb7d025c0e88d5"
"images-v2/instagram/02.jpg","303849","04adc9f6098ec135e4ec5d3e5db1e09c24c1bc7ce780134a886612b9f218ae4c"
"images-v2/instagram/03.jpg","266854","c1fedbfe25e2b976b23a2d3aec875c30041c5c478df63ba42365cc696b1014d5"
"images-v2/instagram/04.jpg","289202","98a4fb59666ae8280523700c135cfba885dbd5bc7f9abf3a0528fc7f242775e2"
"images-v2/instagram/05.jpg","239346","90e444af2e3284d475c81e702a9efd99661b1692957bb2340f2a1535bbe9a72a"
"images-v2/instagram/06.jpg","257153","af7b52dcb6779d2977662850fd1970179ec6cb31a493d209b6401258ea2d0b99"
"images-v2/instagram/07.jpg","270272","3c01249463fdf9ee1c8bcde0f0ce248e34491b8b27b7b9c27d13c6966a6528c2"
"images-v2/instagram/08.jpg","256963","f84ff2a3d6c1fd169cca0fda9c6e34ed80b418cc95895fe86e57b0ee3fd7bb6c"
"images-v2/instagram/09.jpg","300029","1be9b344b3d2e9a902e1232a8a82721ae90669a1a940296717bd378f3b7cfb46"
"images-v2/instagram/10.jpg","259997","74af12127d10702b1a232ba08fe16d7087e71ff3ba405f018b66163ecec163d4"
"images-v2/instagram/PROMPT-PROVENANCE.md","28698","3ed932acf562e63f4a7c2d0d52c76d205010d11103c12fb6505f009017453883"
"images-v2/x-contact-sheet-v2.jpg","363744","9fc09f3cd6d4913b9d09741ddb512399043d8120d4c9cd447ef39e16a9bf6e3e"
"images-v2/x/01.jpg","280387","5759e4225a299b614c493861629e9832bb56eef420c4cf5f87adec0b4e8fce76"
"images-v2/x/02.jpg","318507","2b83ffb6d33e3cdfff7ae1278ac1f97fff6f0f942bd14e73c1a5beb0b183cc20"
"images-v2/x/03.jpg","354935","d8404fd7d794a2a872b880609b2f436c650122563f58c0f65ec2ff8bf5095d0a"
"images-v2/x/04.jpg","255645","9fcfe34ee8018f3bf80f42561a2f6f696c75841deed03227fbd541121d6792fb"
"images-v2/x/05.jpg","240311","a609d472f326d80d91e477dd0e564b086f859bd89e871c228cec121b49566a9a"
"images-v2/x/06.jpg","234701","d1cee5feefab2857d0f180d6d4503d0c5f3a0509fdc1273c636decf3e19e8fba"
"images-v2/x/07.jpg","313164","c49ec388b4562056e95549c4edbe32ca6cc1471a2dd777176b2d647d27fc4812"
"images-v2/x/08.jpg","321479","45b069da5715b0796182601b3f05db310119f683b5b9779170dfec89eec60f6d"
"images-v2/x/09.jpg","285280","a5688a5bffe1787d81c2d2cb9ffb4b15c77053c4f7ecc64a5dc12d306b1cf432"
"images-v2/x/10.jpg","273488","5dbee56007bae129bbb1838d3330d9bcc3c4b26d92c2f409d5787f1f9528feb7"
"images-v2/x/PROMPT-PROVENANCE.md","30823","9c53db899792d76f3a99ec986b64883915b9e1b5fcdf6d908f9ee60031451a31"
"MASTER-PERSONA-BRIEF-WORKING-ANSWERS-2026-08-09.md","12756","f37016821b9cadb4526a2ac8a5adc2d292bcc89c0c70156fe98771590cd68cf0"
"MEASUREMENT-COMMUNITY-MONETIZATION-RISK-2026-08-09.md","29716","0a818323ffc6499eec000afc8dc97cccd721e8f77d07c3cb3cebf3088f8af4ed"
"owned-audience/AKIKO-ONE-LINE-BREWING-LOG.pdf","13878","563f28816296244345a5ad2b07d769c8bf9b161ff9dfeb7467ff525c9daa3846"
"owned-audience/build_one_line_brewing_log.py","6761","bd29027ce31f49736779aaccf6670d97c416400d3ff1b56b8a6f13cba02aca8e"
"owned-audience/QA-AND-PROVENANCE.md","2596","836dd8f4e67d4f8f9d4b703cae230faff1e05993e01737926631273cbb4ef3db"
"owned-audience/README.md","1505","5c431a92eb102a85090ed282e41fcb614b31ac09bbebfb8c5350d61057aecb94"
"OWNER-REVIEW-INDEX.md","4950","cb8ac578dcf3a92cd782fac8f16af34573bffb937c9c14ae9fcb1d3d00ce6bdc"
"PERSONA-VOICE-AND-ROADMAP.md","12364","87f21825470f11b21fec24e650a5a22331bd45fb8acdeadc1d276461304a26af"
"PLATFORM-POLICY-INTELLIGENCE-2026-08-09.md","21074","ad9c934cc34421431b3634c11ce7361c488ca96efd457f67ac3fb7788b680ddc"
"profile-assets-v2/akiko-facebook-cover-1600x900.jpg","159405","6d82e57818caa65b9a47abb075ac1a543fb80f51db01215f5bfeb813b6edc8ed"
"profile-assets-v2/akiko-facebook-cover-fastload-851x315.jpg","31189","70432e21920239be9b8d7b8edeea85846459418f7b1e3c69abd4cdf3411881aa"
"profile-assets-v2/akiko-profile-facebook-320.jpg","23368","b5c4d8564dd91725c915a27e2b40c6508811bb57e8bbf80fb8061afe215577c9"
"profile-assets-v2/akiko-profile-master-1024.jpg","162279","a34b712821f07a0dc79b6b5dbe234e2d3abbdd7bf93e8a107fa50b8f9eac5994"
"profile-assets-v2/akiko-profile-x-400.jpg","32786","c93984a1191b745a39323bb2cc789503cffc10bc323ff8fb86b761eb78cc37f0"
"profile-assets-v2/akiko-x-header-1500x500.jpg","92496","a47dc8e3521dfa6dbf5e8d06a4ef1e9de52b7133f6451eb4384f0bd1cc438215"
"profile-assets-v2/PROFILE-ASSET-CONTACT-SHEET.jpg","255659","57fbe98337142e230c9ea34c553c5cee0f3495ede277fafeef5c1700efdd6f97"
"profile-assets-v2/PROFILE-ASSET-MANIFEST.csv","1738","1dc4c7802a0fed298edb68bf289d6da51b7c90ccd6f0545ec827b5c72813d3a8"
"profile-assets-v2/PROFILE-ASSET-QA.md","5547","b4be2b9357b9ae84fe9da39b6df8d7152250b81d45202368966adeb1d840f1a8"
"profile-assets-v2/PROMPT-PROVENANCE.md","9363","d81d6c864357a6f332cff8ed92f728ee4aa7ab82ded67f2b5cb9c0c1b060311d"
"profile-assets-v2/source-generations/facebook-cover-source.png","1663008","f138e8adf99fe04922c8c0f07fdadc95b457c038a180c55470866a5ea8afaa71"
"profile-assets-v2/source-generations/profile-square-source.png","1932486","3b7fb6504570e721675eddf59707558d659e1524aa497d3318f165b13c49e460"
"profile-assets-v2/source-generations/x-header-source-v1-rejected-crop-risk.png","1762882","7cc0e1c768d7ebd12cf6a21e1b6fe442a848604029757bba38e6632159e1592c"
"profile-assets-v2/source-generations/x-header-source-v2-selected.png","1690094","13e1f460a90a5207d91c008a1f1f1abc2e29ed383ca31cd45d206e8aba1e2021"
"PROFILE-PINNED-AND-OWNED-AUDIENCE-COPY.md","10784","a7288cfb7575e26570c25b1b99fcdaa1553ae89aa9131170b5cf92d349675916"
"QUEUE.csv","4656","490b18329da49a9d7971371f2e689514299efd58fd5838e4e5f0cd3577a69553"
"README.md","6951","91acb0749eafa8b18fda7b6a1743816457f7ee84b443689c76ed81f2c580f06a"
"ROADMAP-COVERAGE-MATRIX.md","5204","71abcc9d3b800948ab2930c5c79765e5add34fc0d0cac3784dd4a07a837ca9df"
"SOURCES.md","3793","13969de51b8ded5e68790040e09166a327086f91250be742a2ec4bbdded9edc8"
"START-AKIKO-CHAT.md","8823","3159164445257adbb55d8f2bdaa783a721fcd65a81eee94d75e1ae06de16512c"
"support/scripts/build-akiko-local-draft-pack.mjs","13636","a5b6b2a8fade0cbd224a83505ab7dcce06bc63fa33fb5d153e4bd08d4da03744"
"support/scripts/lib/local-draft-pack.mjs","11846","200d0b220e4de8d0674f504d1962aefbb8a3286a1234ff76680bd269c60cab78"
"support/scripts/validate-akiko-launch-pack.mjs","8917","ee03b7c1cd61aebb369216aedde7c79de5864eade7eef8ada020ff5882aa23f7"
"support/scripts/validate-local-draft-pack.mjs","1329","ff5478d140f4937a1ebdd4d047dde9bbad3b2864fbc8776aee592a87fe10ebdd"
"V2-ASSET-QA.md","4033","02066d2a48caed1dd53eb07bf5f8d637dddf218ea6c2ac6fadccff113494b493"
